{"sections":{"slideshow_Vfc9gt":{"type":"slideshow","blocks":{"slide_HY4mcD":{"type":"slide","settings":{"show_text_overlay":true,"image":"shopify:\/\/shop_images\/Slider_3.webp","heading":"<strong>Indulge Fresh, Feel Alive<\/strong>","heading_size":"h0","subheading":"Rejuvenate your senses with a refreshing burst of flavor. Indulge in the freshness that invigorates your spirit, leaving you feeling alive and ready to embrace whatever comes your way.","button_label":"Shop Now","link":"shopify:\/\/collections","button_style_secondary":false,"box_align":"middle-center","show_text_box":false,"text_alignment":"center","image_overlay_opacity":10,"color_scheme":"scheme-4","text_alignment_mobile":"center"}},"slide_pgRdQG":{"type":"slide","settings":{"show_text_overlay":true,"image":"shopify:\/\/shop_images\/Slider_2.webp","heading":"<strong>Sip Bliss, Feel Blissfu<\/strong>","heading_size":"h0","subheading":"Experience a moment of tranquility with every sip. Let the soothing blend of flavors take you on a journey of relaxation, as each sip brings balance and harmony to your day","button_label":"Shop Now","link":"shopify:\/\/collections","button_style_secondary":false,"box_align":"middle-center","show_text_box":false,"text_alignment":"center","image_overlay_opacity":10,"color_scheme":"scheme-4","text_alignment_mobile":"center"}},"slide_eVUJzD":{"type":"slide","settings":{"show_text_overlay":true,"image":"shopify:\/\/shop_images\/Slider_1.webp","heading":"<strong>Greatness,  Embrace Energy <\/strong>","heading_size":"h0","subheading":"Unleash your potential with a burst of energy in every drop. Fuel your greatness and embrace the vitality that empowers you to take on the day with strength and vigor.","button_label":"Shop Now","link":"shopify:\/\/collections","button_style_secondary":false,"box_align":"middle-center","show_text_box":false,"text_alignment":"center","image_overlay_opacity":10,"color_scheme":"scheme-4","text_alignment_mobile":"center"}}},"block_order":["slide_HY4mcD","slide_pgRdQG","slide_eVUJzD"],"settings":{"layout":"full_bleed","slide_height":"medium","slider_visual":"dots","auto_rotate":true,"change_slides_speed":5,"image_behavior":"none","show_text_below":true,"accessibility_info":"Slideshow about our brand"}},"featured_collection":{"type":"featured-collection","settings":{"title":"<strong>Featured products<\/strong>","heading_size":"h1","description":"","show_description":false,"description_style":"body","collection":"products","products_to_show":10,"columns_desktop":5,"full_width":true,"show_view_all":false,"view_all_style":"solid","enable_desktop_slider":true,"color_scheme":"scheme-1","image_ratio":"portrait","image_shape":"default","show_secondary_image":true,"show_vendor":false,"show_rating":false,"quick_add":"none","columns_mobile":"2","swipe_on_mobile":true,"padding_top":32,"padding_bottom":32}},"image_block_section_cE9eEg":{"type":"image-block-section","blocks":{"image_block_9AGFrW":{"type":"image_block","settings":{"image":"shopify:\/\/shop_images\/knife-slices-a-zucchini-in-half.jpg","title":"Fresh & Crisp Cucumber Delight","text":"<p>Enjoy the refreshing taste of cucumbers packed with hydration and nutrients. Perfect for salads, snacks, or a quick health boost in your daily diet<\/p>"}},"image_block_XrPrcz":{"type":"image_block","settings":{"image":"shopify:\/\/shop_images\/hand-holds-rainbow-carrots.jpg","title":"Crunchy Carrots for a Healthy Life","text":"<p>Packed with vitamins and antioxidants, carrots are a delicious way to nourish your body. Add them to your meals for a burst of color and health benefits<\/p>"}},"image_block_4mbnLb":{"type":"image_block","settings":{"image":"shopify:\/\/shop_images\/hands-slice-red-pepper-on-wooden-cutting-board.jpg","title":"Wholesome & Nutritious Choices","text":"<p>Fuel your body with the best nature has to offer. Our wholesome ingredients are perfect for creating vibrant, nutrient-rich meals that support a healthy lifestyle<\/p>"}}},"block_order":["image_block_9AGFrW","image_block_XrPrcz","image_block_4mbnLb"],"settings":{"section_title":"Our Healthy Choices","columns":3}}},"order":["slideshow_Vfc9gt","featured_collection","image_block_section_cE9eEg"]}